CREATE TABLE characters(
    id serial,
    firstname character varying(50),
    secondname character varying(50)
);

CREATE TABLE quotes(
    id serial,
    quote character varying(1000)
);

CREATE TABLE characterquotes(
    id serial,
    firstname character varying(50),
    quote character varying(1000)
);

INSERT INTO characters(firstname,secondname)
VALUES
('Michael', 'Scott'),
('Dwight', 'Schrute'),
('Jim', 'Halpert'),
('Pam', 'Beesly'),
('Andy', 'Bernand'),
('Phyllis', 'Smith'),
('Stanley', 'Hudson'),
('Angela', 'Martin'),
('Oscar', 'Martinez'),
('Kevin', 'Malone'),
('Kelly', 'Kapoor'),
('Ryan', 'Howard');


INSERT INTO quotes(quote)
VALUES
('Would I rather be feared or loved? Easy. Both. I want people to be afraid of how much they love me.'),
('Wikipedia is the best thing ever. Anyone in the world can write anything they want about any subject. So you know you are getting the best possible information.'),
('No, I’m not going to tell them about the downsizing. If a patient has cancer, you don’t tell them.'),
('Sometimes I’ll start a sentence, and I don’t even know where it’s going. I just hope I find it along the way.'),
('I love inside jokes. I hope to be a part of one someday.'),
('I’m an early bird and a night owl. So I’m wise and have worms.'),
('Make friends first, make sales second, make love third. In no particular order.'),
('St. Patrick’s Day is the closest thing the Irish have to Christmas.'),
('And I knew exactly what to do. But in a much more real sense, I had no idea what to do.'),
('It’s not like booze ever killed anyone.'),
('I’m Beyoncé, always.'),
('I am fast. To give you a reference point I am somewhere between a snake and a mongoose… And a panther.'),
('Security in this office park is a joke. Last year I came to work with my spud-gun in a duffel bag. I sat at my desk all day with a rifle that shoots potatoes at 60 pounds per square inch. Can you imagine if I was deranged?'),
('I grew up on a farm. I have seen animals having sex in every position imaginable. Goat on chicken. Chicken on goat. Couple of chickens doing a goat, couple of pigs watching.'),
('Through concentration, I can raise and lower my cholesterol at will.'),
('I come from a long line of fighters. My maternal grandfather was the toughest guy I ever knew. World War II veteran, killed twenty men, and spent the rest of the war in an Allied prison camp. My father battled blood pressure and obesity all his life. Different kind of fight.'),
('And I did not become a Lackawanna County volunteer sheriff’s deputy to make friends. And by the way, I haven’t.'),
('People say, ‘oh it’s dangerous to keep weapons in the home, or the workplace.’ Well I say, it’s better to be hurt by someone you know, accidentally, than by a stranger, on purpose.'),
('I wish I could menstruate. If I could menstruate, I wouldn’t have to deal with idiotic calendars anymore. I’d just be able to count down from my previous cycle. Plus I’d be more in tune with the moon and the tides.'),
('In the wild, there is no healthcare. Healthcare is “Oh, I broke my leg!” A lion comes and eats you, you’re dead. Well, I’m not dead, I’m the lion, you’re dead!'),
('Congratulations on your one cousin. I have seventy, each one better than the last!'),
('It’s a real shame because studies have shown that more information gets passed through water cooler gossip than through official memos. Which puts me at a disadvantage because I bring my own water to work.'),
('Everything I have I owe to this job…this stupid, wonderful, boring, amazing job.'),
('So this is my life. Until I win the lottery. Or Pam finally writes that series of young adult books.'),
('I am a black belt in gift wrapping.'),
('Oh so Dwight gave me this wooden mallard as a gift. I found a recording device in it. Yes. So. I think if I play it just right, I can get Dwight to live out the plot of National Treasure.'),
('I miss Dwight. Congratulations, universe. You win.'),
('I’M GONNA START TELLING PEOPLE WHAT I WANT, DIRECTLY.'),
('There’s A Lot Of Beauty In Ordinary Things. Isn’t That Kind Of The Point?'),
('I SUGGESTED WE FLIP A COIN, BUT ANGELA SAID SHE DOESN’T LIKE TO GAMBLE.'),
('I DON’T CARE WHAT THEY SAY ABOUT ME. I JUST WANT TO EAT.'),
('BE STRONG. TRUST YOURSELF. LOVE YOURSELF.'),
('I wish there was a way to know you are in the good old days before you have actually left them.'),
('On this show, all three judges are mean.'),
('When I got the nickname Bonerchamp, that is when I became me.'),
('Now I know why Michael hated you so much.'),
('You are the deuce I never wanna drop.'),
('We have a gym at home. It''s called the bedroom.'),
('I like being in the same building as Bob. It keeps me honest.'),
('I''m glad Michael''s getting help. He has a lot of issues and he''s stupid.'),
('This isn''t a toast. You''re just thinking out loud.'),
('Oh I don''t think it''s blackmail. Angela just does what I ask her to do so I won''t tell everyone that she''s cheating on Andy with Dwight. I think for it to be blackmail, it would have to be a formal letter.'),
('Yes, I have a dream, and it’s not some MLK dream for equality. I want to own a decommissioned lighthouse. And I want to live at the top. And nobody knows I live there. And there’s a button that I can press, and launch that lighthouse into space.'),
('I’ve got a golden-ticket idea. Why don’t you skip on up to the roof and jump off?'),
('I know Santa ain’t black. I could care less.'),
('It’s like I used to tell my wife. I do not apologize unless I think I’m wrong, and if you don’t like it, you can leave. And I say the same thing to my current wife, and I’ll say it to my next one, too.'),
('I would rather work for an upturned broom with a bucket for a head than work for somebody else in this office besides myself. Game on.'),
('Life is short. Drive fast and leave a sexy corpse. That’s one of my mottos.'),
('This is pretzel day.'),
('I took an extra shot of insulin in preparation for this cake today.'),
('Trust you? The way Pam trusted you to provide for her so she wouldn''t have to work?'),
('Porcupines don''t have souls. They''re like dogs.'),
('I want pet day back. No dogs.'),
('Yes, I am anxious to get out of work. But let me be clear, it''s not to celebrate St. Patrick''s Day. It''s so I can protest St. Patrick''s Day.'),
('IT’S NOT MY FAULT I WAS EXPOSED TO HARRY POTTER.'),
('IF YOU PRAY ENOUGH YOU CAN CHANGE YOURSELF INTO A CAT PERSON.'),
('I’M VERY SENSITIVE ABOUT MY PETITE FIGURE.'),
('Saddle shoes with denim? I will literally call protective services.'),
('No, I don''t think he can make it as an actor, but he also can''t make it as an employee in an office, so why not go nuts with it.'),
('Our office has an unusually large number of unusually large people.'),
('I didn''t realize how many of Angela''s opinions I agreed with...until she tried to have my knee caps shattered for sleeping with her husband.'),
('If you would have seen the look he gave me, he wanted to rock more than just my vote.'),
('Me think, why waste time say lot word, when few word do trick.'),
('Do you like it as much as you like men’s butts'),
('I just want to sit on the beach and eat hot dogs. That’s all I’ve ever wanted'),
('I got six numbers, one more and it would have been a complete phone number.'),
('The only problem is whenever I try to make a taco, I get too excited and crush it.'),
('I have very little patience for stupidity.'),
('The people here are amazing debaters. I guess you can say they are master-baters.'),
('I wanted to eat a pig in a blanket, in a blanket.'),
('Who am I? I''m Kelly Kapoor, the business bitch.'),
('I can''t get anything lately unless I threaten to kill myself.'),
('Could you for once just let us enjoy a party instead of making it about all your issues?'),
('I talk a lot, so I''ve learned to just tune myself out.'),
('I probably tweeted it. I tweet, I text, I phone, I Skype ...'),
('Pam, you are a woman warrior.'),
('It''s not garbage, it''s my clothes.'),
('I''d rather she be alone than with somebody. Is that love?'),
('I know you''re my boss, but you need to get the hell out of my face.'),
('When people see this presentation, they''re gonna shit in their pants.'),
('Nothing but net.'),
('I''d like to make a toast. To the troops...all the troops...both sides.');


INSERT INTO characterquotes(firstname,quote)
VALUES
('Michael', 'Would I rather be feared or loved? Easy. Both. I want people to be afraid of how much they love me.'),
('Michael', 'Wikipedia is the best thing ever. Anyone in the world can write anything they want about any subject. So you know you are getting the best possible information.'),
('Michael', 'No, I’m not going to tell them about the downsizing. If a patient has cancer, you don’t tell them.'),
('Michael', 'Sometimes I’ll start a sentence, and I don’t even know where it’s going. I just hope I find it along the way.'),
('Michael', 'I love inside jokes. I hope to be a part of one someday.'),
('Michael', 'I’m an early bird and a night owl. So I’m wise and have worms.'),
('Michael', 'Make friends first, make sales second, make love third. In no particular order.'),
('Michael', 'St. Patrick’s Day is the closest thing the Irish have to Christmas.'),
('Michael', 'And I knew exactly what to do. But in a much more real sense, I had no idea what to do.'),
('Michael', 'It’s not like booze ever killed anyone.'),
('Michael', 'I’m Beyoncé, always.'),
('Dwight', 'I am fast. To give you a reference point I am somewhere between a snake and a mongoose… And a panther.'),
('Dwight', 'Security in this office park is a joke. Last year I came to work with my spud-gun in a duffel bag. I sat at my desk all day with a rifle that shoots potatoes at 60 pounds per square inch. Can you imagine if I was deranged?'),
('Dwight', 'I grew up on a farm. I have seen animals having sex in every position imaginable. Goat on chicken. Chicken on goat. Couple of chickens doing a goat, couple of pigs watching.'),
('Dwight', 'Through concentration, I can raise and lower my cholesterol at will.'),
('Dwight', 'I come from a long line of fighters. My maternal grandfather was the toughest guy I ever knew. World War II veteran, killed twenty men, and spent the rest of the war in an Allied prison camp. My father battled blood pressure and obesity all his life. Different kind of fight.'),
('Dwight', 'And I did not become a Lackawanna County volunteer sheriff’s deputy to make friends. And by the way, I haven’t.'),
('Dwight', 'People say, ‘oh it’s dangerous to keep weapons in the home, or the workplace.’ Well I say, it’s better to be hurt by someone you know, accidentally, than by a stranger, on purpose.'),
('Dwight', 'I wish I could menstruate. If I could menstruate, I wouldn’t have to deal with idiotic calendars anymore. I’d just be able to count down from my previous cycle. Plus I’d be more in tune with the moon and the tides.'),
('Dwight', 'In the wild, there is no healthcare. Healthcare is “Oh, I broke my leg!” A lion comes and eats you, you’re dead. Well, I’m not dead, I’m the lion, you’re dead!'),
('Dwight', 'Congratulations on your one cousin. I have seventy, each one better than the last!'),
('Dwight', 'It’s a real shame because studies have shown that more information gets passed through water cooler gossip than through official memos. Which puts me at a disadvantage because I bring my own water to work.'),
('Jim', 'Everything I have I owe to this job…this stupid, wonderful, boring, amazing job.'),
('Jim', 'So this is my life. Until I win the lottery. Or Pam finally writes that series of young adult books.'),
('Jim', 'I am a black belt in gift wrapping.'),
('Jim', 'Oh so Dwight gave me this wooden mallard as a gift. I found a recording device in it. Yes. So. I think if I play it just right, I can get Dwight to live out the plot of National Treasure.'),
('Jim', 'I miss Dwight. Congratulations, universe. You win.'),
('Pam', 'I’M GONNA START TELLING PEOPLE WHAT I WANT, DIRECTLY.'),
('Pam', 'There’s A Lot Of Beauty In Ordinary Things. Isn’t That Kind Of The Point?'),
('Pam', 'I SUGGESTED WE FLIP A COIN, BUT ANGELA SAID SHE DOESN’T LIKE TO GAMBLE.'),
('Pam', 'I DON’T CARE WHAT THEY SAY ABOUT ME. I JUST WANT TO EAT.'),
('Pam', 'BE STRONG. TRUST YOURSELF. LOVE YOURSELF.'),
('Andy', 'I wish there was a way to know you are in the good old days before you have actually left them.'),
('Andy', 'On this show, all three judges are mean.'),
('Andy', 'When I got the nickname Bonerchamp, that is when I became me.'),
('Andy', 'Now I know why Michael hated you so much.'),
('Andy', 'You are the deuce I never wanna drop.'),
('Phyllis', 'We have a gym at home. It''s called the bedroom.'),
('Phyllis', 'I like being in the same building as Bob. It keeps me honest.'),
('Phyllis', 'I''m glad Michael''s getting help. He has a lot of issues and he''s stupid.'),
('Phyllis', 'This isn''t a toast. You''re just thinking out loud.'),
('Phyllis', 'Oh I don''t think it''s blackmail. Angela just does what I ask her to do so I won''t tell everyone that she''s cheating on Andy with Dwight. I think for it to be blackmail, it would have to be a formal letter.'),
('Stanley', 'Yes, I have a dream, and it’s not some MLK dream for equality. I want to own a decommissioned lighthouse. And I want to live at the top. And nobody knows I live there. And there’s a button that I can press, and launch that lighthouse into space.'),
('Stanley', 'I’ve got a golden-ticket idea. Why don’t you skip on up to the roof and jump off?'),
('Stanley', 'I know Santa ain’t black. I could care less.'),
('Stanley', 'It’s like I used to tell my wife. I do not apologize unless I think I’m wrong, and if you don’t like it, you can leave. And I say the same thing to my current wife, and I’ll say it to my next one, too.'),
('Stanley', 'I would rather work for an upturned broom with a bucket for a head than work for somebody else in this office besides myself. Game on.'),
('Stanley', 'Life is short. Drive fast and leave a sexy corpse. That’s one of my mottos.'),
('Stanley', 'This is pretzel day.'),
('Stanley', 'I took an extra shot of insulin in preparation for this cake today.'),
('Angela', 'Trust you? The way Pam trusted you to provide for her so she wouldn''t have to work?'),
('Angela', 'Porcupines don''t have souls. They''re like dogs.'),
('Angela', 'I want pet day back. No dogs.'),
('Angela', 'Yes, I am anxious to get out of work. But let me be clear, it''s not to celebrate St. Patrick''s Day. It''s so I can protest St. Patrick''s Day.'),
('Angela', 'IT’S NOT MY FAULT I WAS EXPOSED TO HARRY POTTER.'),
('Angela', 'IF YOU PRAY ENOUGH YOU CAN CHANGE YOURSELF INTO A CAT PERSON.'),
('Angela', 'I’M VERY SENSITIVE ABOUT MY PETITE FIGURE.'),
('Oscar', 'Saddle shoes with denim? I will literally call protective services.'),
('Oscar', 'No, I don''t think he can make it as an actor, but he also can''t make it as an employee in an office, so why not go nuts with it.'),
('Oscar', 'Our office has an unusually large number of unusually large people.'),
('Oscar', 'I didn''t realize how many of Angela''s opinions I agreed with...until she tried to have my knee caps shattered for sleeping with her husband.'),
('Oscar', 'If you would have seen the look he gave me, he wanted to rock more than just my vote.'),
('Kevin', 'Me think, why waste time say lot word, when few word do trick.'),
('Kevin', 'Do you like it as much as you like men’s butts'),
('Kevin', 'I just want to sit on the beach and eat hot dogs. That’s all I’ve ever wanted'),
('Kevin', 'I got six numbers, one more and it would have been a complete phone number.'),
('Kevin', 'The only problem is whenever I try to make a taco, I get too excited and crush it.'),
('Kevin', 'I have very little patience for stupidity.'),
('Kevin', 'The people here are amazing debaters. I guess you can say they are master-baters.'),
('Kevin', 'I wanted to eat a pig in a blanket, in a blanket.'),
('Kelly', 'Who am I? I''m Kelly Kapoor, the business bitch.'),
('Kelly', 'I can''t get anything lately unless I threaten to kill myself.'),
('Kelly', 'Could you for once just let us enjoy a party instead of making it about all your issues?'),
('Kelly', 'I talk a lot, so I''ve learned to just tune myself out.'),
('Kelly', 'I probably tweeted it. I tweet, I text, I phone, I Skype ...'),
('Kelly', 'Pam, you are a woman warrior.'),
('Ryan', 'It''s not garbage, it''s my clothes.'),
('Ryan', 'I''d rather she be alone than with somebody. Is that love?'),
('Ryan', 'I know you''re my boss, but you need to get the hell out of my face.'),
('Ryan', 'When people see this presentation, they''re gonna shit in their pants.'),
('Ryan', 'Nothing but net.'),
('Ryan', 'I''d like to make a toast. To the troops...all the troops...both sides.');